gateway_txn_id,gateway_order_id,order_id,transaction_date,amount,gross_amount,gateway_fee,tax_on_fee,net_settlement,customer_name,payment_reference,payment_method,gateway_name,currency,status
GW_TXN00047,ORD_154615,ORD_154615,2026-08-02,116103.26,116103.26,0.0,0.0,0.0,Apex Global Logistics,PAY-919182,UPI,razorpay,INR,FAILED
GW_TXN00050,ORD_427110,ORD_427110,2026-08-09,12543.29,12543.29,0.0,0.0,0.0,Vortex Manufacturing,PAY-179688,UPI,razorpay,INR,FAILED
GW_TXN00001,ORD_770487,ORD_770487,2026-08-18,1986.18,1986.18,39.72,7.15,1939.31,Horizon Healthcare,PAY-334053,UPI,razorpay,INR,CAPTURED
GW_TXN00041_A,ORD_345884,ORD_345884,2026-08-08,10562.27,10562.27,211.25,38.02,10313.0,Quantum Cloud Systems,PAY-258157-1,CARD,razorpay,INR,CAPTURED
GW_TXN00005,ORD_974628,ORD_974628,2026-08-21,74654.73,74654.73,1493.09,268.76,72892.88,Titanium Infrastructure,PAY-319684,CARD,stripe,INR,CAPTURED
GW_TXN00022,ORD_240814,ORD_240814,2026-08-11,9270.03,9270.03,185.4,33.37,9051.26,Metro Mobility Cabs,PAY-262998,WALLET,paytm,INR,CAPTURED
GW_TXN00035,ORD_563638,ORD_563638,2026-08-23,7974.05,7974.05,159.48,28.71,7785.86,Crestview Realty,PG_790855,NET_BANKING,stripe,INR,CAPTURED
GW_TXN00025,ORD_710805,ORD_710805,2026-08-13,2147.01,2147.01,42.94,7.73,2096.34,Summit Telecom,PAY-679364,NET_BANKING,razorpay,INR,CAPTURED
GW_TXN00033,ORD_101773,ORD_101773,2026-08-12,12796.22,12796.22,255.92,46.07,12494.23,Summit Telecommunications Ltd,PG_753425,NET_BANKING,hdfc_smartgateway,INR,CAPTURED
GW_TXN00039_B,ORD_686075,ORD_686075,2026-08-19,57906.14,57906.14,1158.12,208.46,56539.56,Innovate Digital Labs,PAY-954596-2,CARD,razorpay,INR,CAPTURED
GW_TXN00003,ORD_900581,ORD_900581,2026-08-09,5487.36,5487.36,109.75,19.75,5357.86,BlueWave Maritime,PAY-201414,UPI,hdfc_smartgateway,INR,CAPTURED
GW_TXN00037,ORD_502630,ORD_502630,2026-08-05,15471.31,15471.31,309.43,55.7,15106.18,Horizon Healthcare,PAY-254739,CARD,razorpay,INR,CAPTURED
GW_TXN00023,ORD_146228,ORD_146228,2026-08-10,6734.02,6734.02,134.68,24.24,6575.1,Quantum Cloud Systems,PAY-103717,NET_BANKING,razorpay,INR,CAPTURED
GW_TXN00039_A,ORD_686075,ORD_686075,2026-08-19,57906.14,57906.14,1158.12,208.46,56539.56,Innovate Digital Labs,PAY-954596-1,CARD,razorpay,INR,CAPTURED
GW_TXN00038,ORD_829716,ORD_829716,2026-08-16,12800.88,12800.88,256.02,46.08,12498.78,Nexus Retail Solutions,PAY-684482,WALLET,razorpay,INR,CAPTURED
GW_TXN00007,ORD_623481,ORD_623481,2026-08-20,60813.07,60813.07,1216.26,218.93,59377.88,Quantum Cloud Systems,PAY-358607,NET_BANKING,stripe,INR,CAPTURED
GW_TXN00004,ORD_407419,ORD_407419,2026-08-03,80710.81,80710.81,1614.22,290.56,78806.03,Apex Global Logistics,PAY-148050,WALLET,paytm,INR,CAPTURED
GW_TXN00008,ORD_245051,ORD_245051,2026-08-14,2819.74,2819.74,56.39,10.15,2753.2,Nexus Retail Solutions,PAY-214975,WALLET,hdfc_smartgateway,INR,CAPTURED
GW_TXN00021,ORD_630458,ORD_630458,2026-08-19,2787.33,2787.33,55.75,10.04,2721.54,Apex Global Logistics,PAY-356150,NET_BANKING,razorpay,INR,CAPTURED
GW_TXN00010,ORD_857168,ORD_857168,2026-08-06,5921.75,5921.75,118.44,21.32,5781.99,Crestview Real Estate,PAY-738551,WALLET,razorpay,INR,CAPTURED
GW_TXN00009,ORD_680099,ORD_680099,2026-08-05,9793.95,9793.95,195.88,35.26,9562.81,Metro Mobility Cabs,PAY-887352,CARD,hdfc_smartgateway,INR,CAPTURED
GW_TXN00042,ORD_588557,ORD_588557,2026-08-19,13620.16,13620.16,272.4,49.03,13298.73,Vortex Manufacturing,PAY-973349,UPI,razorpay,INR,CAPTURED
GW_TXN00028,ORD_750810,ORD_750810,2026-08-13,8781.45,8781.45,175.63,31.61,8574.21,Horizon Healthcare,PAY-885884,CARD,razorpay,INR,CAPTURED
GW_TXN00011,ORD_480612,ORD_480612,2026-08-16,134261.38,134261.38,2685.23,483.34,131092.81,Horizon Healthcare,PAY-694916,CARD,hdfc_smartgateway,INR,CAPTURED
GW_TXN00030,ORD_333238,ORD_333238,2026-08-09,3746.72,3746.72,74.93,13.49,3658.3,Titanium Infrastructure,PAY-309267,CARD,razorpay,INR,CAPTURED
GW_TXN00040_A,ORD_597732,ORD_597732,2026-08-09,56190.75,56190.75,1123.82,202.29,54864.64,Solaris Energy Corp,PAY-903013-1,CARD,razorpay,INR,CAPTURED
GW_TXN00014,ORD_698782,ORD_698782,2026-08-15,1867.72,1867.72,37.35,6.72,1823.65,Aegis Security Solutions,PAY-946721,WALLET,hdfc_smartgateway,INR,CAPTURED
GW_TXN00012,ORD_273148,ORD_273148,2026-08-04,4094.63,4094.63,81.89,14.74,3998.0,Omni Retail Ventures,PAY-642717,CARD,stripe,INR,CAPTURED
GW_TXN00017,ORD_520521,ORD_520521,2026-08-16,206081.22,206081.22,4121.62,741.89,201217.71,BlueWave Maritime,PAY-102260,WALLET,stripe,INR,CAPTURED
GW_TXN00018,ORD_328275,ORD_328275,2026-08-16,1227.06,1227.06,24.54,4.42,1198.1,Nexus Retail Solutions,PAY-884309,UPI,stripe,INR,CAPTURED
GW_TXN00051,ORD_991597,ORD_991597,2026-08-13,8224.81,8224.81,0.0,0.0,0.0,Silverline Chemicals,PAY-920652,UPI,razorpay,INR,FAILED
GW_TXN00024,ORD_269430,ORD_269430,2026-08-10,7351.01,7351.01,147.02,26.46,7177.53,Metro Mobility Cabs,PAY-877236,UPI,razorpay,INR,CAPTURED
GW_TXN00020,ORD_429445,ORD_429445,2026-08-03,53864.09,53864.09,1077.28,193.91,52592.9,Quantum Cloud Systems,PAY-804318,UPI,razorpay,INR,CAPTURED
GW_TXN00041_B,ORD_345884,ORD_345884,2026-08-08,10562.27,10562.27,211.25,38.02,10313.0,Quantum Cloud Systems,PAY-258157-2,CARD,razorpay,INR,CAPTURED
GW_TXN00026,ORD_482364,ORD_482364,2026-08-13,2890.69,2890.69,57.81,10.41,2822.47,Titanium Infrastructure,PAY-934794,CARD,razorpay,INR,CAPTURED
GW_TXN00015,ORD_156802,ORD_156802,2026-08-08,36135.79,36135.79,722.72,130.09,35282.98,Pinnacle Food Products,PAY-939482,WALLET,stripe,INR,CAPTURED
GW_TXN00019,ORD_171262,ORD_171262,2026-08-04,1076.25,1076.25,21.53,3.88,1050.84,Silverline Chemicals,PAY-358175,NET_BANKING,stripe,INR,CAPTURED
GW_TXN00049,ORD_833442,ORD_833442,2026-08-07,387342.89,387342.89,0.0,0.0,-387342.89,Innovate Digital Labs,PAY-736745,CARD,razorpay,INR,REFUNDED
GW_TXN00002,ORD_343962,ORD_343962,2026-08-01,9044.35,9044.35,180.89,32.56,8830.9,Metro Mobility Cabs,PAY-539898,NET_BANKING,paytm,INR,CAPTURED
GW_TXN00029,ORD_379766,ORD_379766,2026-08-09,8849.5,8849.5,176.99,31.86,8640.65,BlueWave Maritime,PAY-266931,WALLET,razorpay,INR,CAPTURED
GW_TXN00045,ORD_981334,ORD_981334,2026-08-10,30446.97,30446.97,0.0,0.0,-30446.97,Summit Telecom,PAY-242291,CARD,razorpay,INR,REFUNDED
GW_TXN00040_B,ORD_597732,ORD_597732,2026-08-09,56190.75,56190.75,1123.82,202.29,54864.64,Solaris Energy Corp,PAY-903013-2,CARD,razorpay,INR,CAPTURED
GW_TXN00031,ORD_792094,ORD_792094,2026-08-15,9801.49,9801.49,196.03,35.29,9570.17,Pinnacle Food Products Pvt Ltd,PG_910891,NET_BANKING,stripe,INR,CAPTURED
GW_TXN00048,ORD_979995,ORD_979995,2026-08-20,10207.15,10207.15,0.0,0.0,0.0,Quantum Cloud Systems,PAY-350132,UPI,razorpay,INR,FAILED
GW_TXN00036,ORD_254511,ORD_254511,2026-08-16,80321.59,80321.59,1606.43,289.16,78426.0,Horizon Healthcare,PAY-598216,CARD,razorpay,INR,CAPTURED
GW_TXN00032,ORD_378361,ORD_378361,2026-08-18,52093.48,52093.48,1041.87,187.54,50864.07,Innovate Digital,PG_863934,NET_BANKING,razorpay,INR,CAPTURED
GW_TXN00027,ORD_799330,ORD_799330,2026-08-13,8957.21,8957.21,179.14,32.25,8745.82,Metro Mobility Cabs,PAY-207786,WALLET,razorpay,INR,CAPTURED
GW_TXN00046,ORD_442722,ORD_442722,2026-08-04,268625.93,268625.93,0.0,0.0,-268625.93,Solaris Energy Corp,PAY-888539,CARD,razorpay,INR,REFUNDED
GW_TXN00016,ORD_361941,ORD_361941,2026-08-03,434411.03,434411.03,8688.22,1563.88,424158.93,Nexus Retail Solutions,PAY-783823,WALLET,hdfc_smartgateway,INR,CAPTURED
GW_TXN00006,ORD_383060,ORD_383060,2026-08-14,83428.89,83428.89,1668.58,300.34,81459.97,Nexus Retail Solutions,PAY-340174,CARD,paytm,INR,CAPTURED
GW_TXN00013,ORD_842225,ORD_842225,2026-08-09,21022.87,21022.87,420.46,75.68,20526.73,Apex Global Logistics,PAY-132938,CARD,stripe,INR,CAPTURED
GW_TXN00034,ORD_681343,ORD_681343,2026-08-03,6388.09,6388.09,127.76,23.0,6237.33,Summit Telecom,PG_745414,WALLET,paytm,INR,CAPTURED
